{"values2006": [[938874993.89999998, 2342584617.8399992, "MCT", "MINISTERIO DA CIENCIA E TECNOLOGIA"], [6610309419.3400011, 163689655882.95981, "MPS", "MINISTERIO DA PREVIDENCIA SOCIAL"], [15852664472.59, 647796820057.27014, "MF", "MINISTERIO DA FAZENDA"], [471955771.81999999, 396079483.40999979, "MIN", "MINISTERIO DA INTEGRACAO NACIONAL"], [1559002597.47, 519820648.81999993, "PR", "PRESIDENCIA DA REPUBLICA"], [1485924355.0100002, 851914425.49999976, "MTE", "MINISTERIO DO TRABALHO E EMPREGO"], [7824650563.5199976, 4187380530.7999983, "MS", "MINISTERIO DA SAUDE"], [28513511980.990025, 5478940030.1299763, "MD", "MINISTERIO DA DEFESA"], [1859533373.1700001, 5150082496.6900024, "MT", "MINISTERIO DOS TRANSPORTES"], [13984334022.679998, 5231299931.5199986, "ME", "MINISTERIO DA EDUCACAO"], [4017105290.1000013, 928532196.88000059, "MJ", "MINISTERIO DA JUSTICA"]], "values2007": [[968795776.25999975, 2530685079.0900006, "MCT", "MINISTERIO DA CIENCIA E TECNOLOGIA"], [7137140758.9799995, 179819876806.67972, "MPS", "MINISTERIO DA PREVIDENCIA SOCIAL"], [19018103792.02, 617048008456.78992, "MF", "MINISTERIO DA FAZENDA"], [534482294.56999987, 490896137.54000014, "MIN", "MINISTERIO DA INTEGRACAO NACIONAL"], [1916859457.8699999, 772991247.78999972, "PR", "PRESIDENCIA DA REPUBLICA"], [1707159191.7900002, 528914937.8299998, "MTE", "MINISTERIO DO TRABALHO E EMPREGO"], [8204184874.7599983, 4371253879.4199953, "MS", "MINISTERIO DA SAUDE"], [30752078654.559994, 6617144977.0199795, "MD", "MINISTERIO DA DEFESA"], [2044604191.4399998, 6806966570.0899973, "MT", "MINISTERIO DOS TRANSPORTES"], [14750207401.689995, 6383945144.6099939, "ME", "MINISTERIO DA EDUCACAO"], [4611612049.4299984, 1499831973.3099997, "MJ", "MINISTERIO DA JUSTICA"]], "values2004": [[708538282.35000002, 1934777067.0999985, "MCT", "MINISTERIO DA CIENCIA E TECNOLOGIA"], [5335266123.8100004, 123872292172.78975, "MPS", "MINISTERIO DA PREVIDENCIA SOCIAL"], [11758731345.809998, 507819808871.97009, "MF", "MINISTERIO DA FAZENDA"], [412697437.81999999, 3955188338.7199998, "MIN", "MINISTERIO DA INTEGRACAO NACIONAL"], [1137341922.5, 422284028.38000023, "PR", "PRESIDENCIA DA REPUBLICA"], [1237286747.29, 274689653.38000011, "MTE", "MINISTERIO DO TRABALHO E EMPREGO"], [6719087291.2900038, 4425565082.0199966, "MS", "MINISTERIO DA SAUDE"], [22562091202.109997, 4044358577.6999907, "MD", "MINISTERIO DA DEFESA"], [1654356909.8999999, 3411427550.4899998, "MT", "MINISTERIO DOS TRANSPORTES"], [10607789794.460003, 4284810203.5699902, "ME", "MINISTERIO DA EDUCACAO"], [2892174385.5700002, 663116634.64000022, "MJ", "MINISTERIO DA JUSTICA"]], "values2005": [[767198885.98000002, 2061018825.6299984, "MCT", "MINISTERIO DA CIENCIA E TECNOLOGIA"], [5571880301.3499975, 143320432345.93024, "MPS", "MINISTERIO DA PREVIDENCIA SOCIAL"], [13067421207.67, 636224076366.47974, "MF", "MINISTERIO DA FAZENDA"], [430191973.30000013, 4682695958.8000021, "MIN", "MINISTERIO DA INTEGRACAO NACIONAL"], [1275434875.2199998, 455519642.55000013, "PR", "PRESIDENCIA DA REPUBLICA"], [1222415252.72, 440493215.90000015, "MTE", "MINISTERIO DO TRABALHO E EMPREGO"], [6406561360.4499989, 3960748940.3500085, "MS", "MINISTERIO DA SAUDE"], [24874269222.660007, 5433386388.3799706, "MD", "MINISTERIO DA DEFESA"], [1760231465.7600002, 3814297746.7600012, "MT", "MINISTERIO DOS TRANSPORTES"], [10956842582.270008, 5000180159.5600195, "ME", "MINISTERIO DA EDUCACAO"], [3052018612.7599998, 1012382253.7699995, "MJ", "MINISTERIO DA JUSTICA"]], "values2011": [[1862754833.51, 5018669294.329998, "MCT", "MINISTERIO DA CIENCIA E TECNOLOGIA"], [10017276890.120001, 277187632654.01013, "MPS", "MINISTERIO DA PREVIDENCIA SOCIAL"], [27389844052.230007, 717605854013.67041, "MF", "MINISTERIO DA FAZENDA"], [955263935.00999999, 2307550977.8900008, "MIN", "MINISTERIO DA INTEGRACAO NACIONAL"], [4018351036.3400002, 2339340315.9599991, "PR", "PRESIDENCIA DA REPUBLICA"], [2464131361.8099999, 48102919701.029999, "MTE", "MINISTERIO DO TRABALHO E EMPREGO"], [14310893046.249998, 9845578675.9700089, "MS", "MINISTERIO DA SAUDE"], [46512132123.889946, 10576624769.439919, "MD", "MINISTERIO DA DEFESA"], [3495750698.6999998, 14815635489.069986, "MT", "MINISTERIO DOS TRANSPORTES"], [27643986614.679981, 16847744574.869959, "ME", "MINISTERIO DA EDUCACAO"], [6661252293.2300005, 2308779685.6399984, "MJ", "MINISTERIO DA JUSTICA"]], "pessoal": [[2004, 71149008008.26001], [2005, 75922343914.330017], [2006, 91047268315.089996], [2007, 100617068634.56], [2008, 112697804764.95999], [2009, 132857744138.35999], [2011, 160126841119.04001]], "total": [[2004, 732430151665.42993], [2005, 890544947226.17004], [2006, 937826907236.56006], [2007, 938780222770.43982], [2008, 931122144673.69983], [2009, 1101075296451.46], [2011, 1287039901646.7202]], "values2008": [[1247080122.22, 3411702807.7800007, "MCT", "MINISTERIO DA CIENCIA E TECNOLOGIA"], [7666553998.0700026, 197804638471.25958, "MPS", "MINISTERIO DA PREVIDENCIA SOCIAL"], [20671426232.299999, 574407898835.32996, "MF", "MINISTERIO DA FAZENDA"], [602681507.93000031, 1195789453.6299994, "MIN", "MINISTERIO DA INTEGRACAO NACIONAL"], [2659216010.3999996, 1085952017.9799998, "PR", "PRESIDENCIA DA REPUBLICA"], [1856393588.1900001, 466458579.10000038, "MTE", "MINISTERIO DO TRABALHO E EMPREGO"], [9405287197.5800018, 5912064130.5999804, "MS", "MINISTERIO DA SAUDE"], [33775302579.059998, 6358868121.9299545, "MD", "MINISTERIO DA DEFESA"], [2242624891.8699999, 6829652670.27001, "MT", "MINISTERIO DOS TRANSPORTES"], [17083227923.910007, 8482432032.0799952, "ME", "MINISTERIO DA EDUCACAO"], [5325142445.7199993, 1297319638.1099992, "MJ", "MINISTERIO DA JUSTICA"]], "values2009": [[1602856767.53, 4398872369.4300013, "MCT", "MINISTERIO DA CIENCIA E TECNOLOGIA"], [8884269148.1099968, 220647657507.08011, "MPS", "MINISTERIO DA PREVIDENCIA SOCIAL"], [23897094509.669998, 648022091274.39014, "MF", "MINISTERIO DA FAZENDA"], [778265338.03999984, 2297780575.7200007, "MIN", "MINISTERIO DA INTEGRACAO NACIONAL"], [3418600483.4099998, 1964107216.1600006, "PR", "PRESIDENCIA DA REPUBLICA"], [2118487203.1199996, 37118062414.089989, "MTE", "MINISTERIO DO TRABALHO E EMPREGO"], [11230908440.630003, 6939464998.5099974, "MS", "MINISTERIO DA SAUDE"], [39616843376.360016, 7868428409.3398972, "MD", "MINISTERIO DA DEFESA"], [2726454190.9900002, 11205481553.299999, "MT", "MINISTERIO DOS TRANSPORTES"], [20414496372.610008, 10947065884.539974, "ME", "MINISTERIO DA EDUCACAO"], [5945437902.0500011, 2207743875.1800079, "MJ", "MINISTERIO DA JUSTICA"]], "pib" : [[2004,1958705300290], [2005, 2171735600840], [2006, 2409802753950], [2007, 2178031637470], [2008, 3107530777000], [2009, 3328173595670], [2010, 3886835000000], [2011, 4374765000000]]}
